Pos,Substitution,Simplified,pLDDT,Degree,DDG,RSP,label,Probability,pLDDT_SHAP,Degree_SHAP,DDG_SHAP,RSP_SHAP,true_class,DDG Stable/Unstable,DDG.1,wild_type_residue,variant_position,mutant_residue
1,MA1V,M1V,34.16,0,0.104088,0.000785546,Deleterious,0.386556894,-0.322585015,-0.115975192,-0.021774055,0.257421847,0,Unstable,Stable,M,1,V
22,TA22N,T22N,54.23,0,-0.2509,0.017282011,Neutral,0.127246514,-0.131806963,-0.192899626,-0.148288206,0.010772001,1,Stable,Stable,T,22,N
61,NA61H,N61H,88.15,2,-0.253009,0.047918303,Ambiguous,0.249181688,-0.040279161,-0.122956518,-0.217611897,0.040559955,0,Stable,Stable,N,61,H
94,SA94Y,S94Y,90.93,8,9.22447,0.07384132,Deleterious,0.902675509,0.051415961,0.070162928,0.166915811,0.024711501,0,Unstable,Stable,S,94,Y
95,TA95I,T95I,89.31,11,-0.0115936,0.0746268656716417,Deleterious,0.434499680995941,-0.0687839532581469,0.00783815249179799,-0.148897565621882,0.0548737389035522,1,Stable,Stable,T,95,I
147,KA147E,K147E,68.79,3,-0.35046,0.115475255302435,Neutral,0.185606569051742,-0.0476187007625897,-0.130005995767811,-0.218718778292338,-0.00751926460613806,1,Stable,Stable,K,147,E
213,VA213G,V213G,75.71,0,-0.102344,0.167321288,Neutral,0.155136347,-0.062587832,-0.205971268,-0.13730537,-0.028468492,1,Stable,Stable,V,213,G
213,VA213E,V213E,75.71,0,-0.458607,0.167321288295365,Neutral,0.175326868891716,-0.053589777573943,-0.215490184562901,-0.127209385335445,-0.0178530921166142,1,Stable,Stable,V,213,E
243,AA243V,A243V,84.55,8,4.02907,0.190887667,Deleterious,0.827328324,0.016081401,0.099318267,0.117401233,0.005058115,0,Unstable,Stable,A,243,V
319,RA319K,R319K,81.69,4,0.76836,0.250589159,Ambiguous,0.239033625,0.00168045,-0.16508074,-0.174658221,-0.012377173,0,Unstable,Stable,R,319,K
327,VA327D,V327D,85.03,7,-0.661244,0.256873527,Deleterious,0.450703055,-0.028497778,-0.037722766,-0.121226667,0.048680957,0,Stable,Stable,V,327,D
328,RA328I,R328I,83.94,17,3.85479,0.257659073,Deleterious,0.870770693,0.030475436,0.161335634,0.08715924,0.002331074,0,Unstable,Stable,R,328,I
333,TA333R,T333R,69.23,0,-0.139944,0.261586803,Neutral,0.211336002,-0.033011721,-0.225414176,-0.132721449,0.013014039,0,Stable,Stable,T,333,R
342,FA342V,F342V,83.9,18,3.63023,0.268656716,Deleterious,0.859135091,0.0311986,0.176545818,0.060754604,0.00116676,0,Unstable,Stable,F,342,V
347,FA347L,F347L,89.13,17,0.0261168,0.272584446,Deleterious,0.643313229,-0.077198778,0.194071569,-0.064422738,0.001393867,0,Unstable,Stable,F,347,L
358,IA358S,I358S,88.95,6,5.04788,0.281225452,Deleterious,0.837940812,-0.01167375,0.019400532,0.233083525,0.007661197,0,Unstable,Stable,I,358,S
408,RA408S,R408S,89.2,1,0.866769,0.320502749,Ambiguous,0.244326428,-0.079186415,-0.149813364,-0.191582321,0.075439219,1,Unstable,Stable,R,408,S
446,GA446S,G446S,56.47,0,0.123943,0.350353496,Deleterious,0.350316882,-0.087570822,-0.207078859,-0.059014172,0.114511427,1,Unstable,Stable,G,446,S
454,RA454G,R454G,91.94,24,4.75504,0.356637863,Deleterious,0.908932388,0.033412102,0.127004338,0.115945179,0.04310146,0,Unstable,Stable,R,454,G
457,RA457M,R457M,84.31,20,1.64414,0.358994501,Deleterious,0.880461752,0.030506138,0.167979622,0.01392786,0.078578825,0,Unstable,Stable,R,457,M
477,SA477N,S477N,71.97,4,-0.200157,0.37470542,Deleterious,0.372346699,0.00105049,-0.14869825,-0.205522211,0.136047362,1,Stable,Stable,S,477,N
485,GA485D,G485D,73.51,6,0.837585,0.380989788,Deleterious,0.70121491,0.027183596,0.0092976,-0.112593299,0.187857703,0,Unstable,Stable,G,485,D
498,QA498L,Q498L,81.34,7,-0.267553,0.39120188531029,Deleterious,0.524634659290313,0.0179917957199116,-0.03881322177127,-0.201528889493395,0.157515666354447,0,Stable,Stable,Q,498,L
501,NA501Y,N501Y,83.66,14,-0.499061,0.393558523,Deleterious,0.8399266,0.01612311,0.193712178,-0.07244697,0.113068973,1,Stable,Stable,N,501,Y
553,TA553S,T553S,93.76,5,0.000230962,0.434406913,Deleterious,0.728944778,0.137958141,-0.000601876,-0.066734208,0.068853414,0,Unstable,Stable,T,553,S
555,SA555F,S555F,91.33,9,0.443452,0.435978005,Deleterious,0.568907499,0.011843632,0.025593182,-0.102930768,0.044932145,0,Unstable,Stable,S,555,F
570,AA570V,A570V,88.77,0,1.26987,0.447761194,Neutral,0.193494394,-0.064003786,-0.195744836,-0.080037685,-0.056188606,1,Unstable,Stable,A,570,V
571,DA571V,D571V,83.59,7,1.94316,0.44854674,Deleterious,0.661164343,0.018838826,-0.001852429,0.097728694,-0.043020057,0,Unstable,Stable,D,571,V
605,SA605Y,S605Y,89.25,6,1.46506,0.475255302,Deleterious,0.42658326,-0.078106085,-0.015456161,-0.006671151,-0.062652652,0,Unstable,Stable,S,605,Y
613,QA613H,Q613H,90.44,4,-0.164201,0.48153967,Neutral,0.205209851,-0.004652968,-0.144773546,-0.175724794,-0.059108149,1,Stable,Stable,Q,613,H
614,DA614G,D614G,86.73,2,-0.742383,0.482325216,Neutral,0.214206994,-0.034199404,-0.129137388,-0.147852317,-0.064073205,1,Stable,Stable,D,614,G
621,PA621S,P621S,70.04,11,3.44334,0.487824038,Deleterious,0.633280575,0.010678908,0.021137229,0.073965487,-0.061970357,1,Unstable,Stable,P,621,S
655,HA655Y,H655Y,87.44,3,-2.57958,0.5145326,Ambiguous,0.265568167,-0.051090338,-0.134034325,-0.074032379,-0.064744099,1,Stable,Stable,H,655,Y
665,PA665L,P665L,91.16,3,-0.602014,0.52238806,Ambiguous,0.251669258,0.00083545,-0.135000489,-0.131735202,-0.07189981,0,Stable,Stable,P,665,L
678,TA678I,T678I,49.44,0,0.140444,0.532600157,Neutral,0.111313753,-0.20386618,-0.161949496,-0.068508963,-0.043830917,0,Unstable,Stable,T,678,I
679,NA679K,N679K,43.29,0,-0.02089,0.533385703063629,Neutral,0.12814924120903,-0.168601723723113,-0.17925509609282,-0.0688390571127335,-0.044624190342923,1,Stable,Stable,N,679,K
681,PA681H,P681H,40.93,0,0.898162,0.534956794972505,Neutral,0.0943395867943763,-0.171384210611383,-0.168078005661567,-0.112918494753539,-0.0427490106597542,1,Unstable,Stable,P,681,H
681,PA681R,P681R,40.93,0,0.403051,0.534956794972505,Neutral,0.103325314819812,-0.182016635828961,-0.167607465131829,-0.091522952845941,-0.0449969398540755,1,Unstable,Stable,P,681,R
690,QA690K,Q690K,76.48,10,-0.523865,0.542026709,Deleterious,0.429887414,-0.03211996,0.038835258,-0.107761947,-0.058535245,0,Stable,Stable,Q,690,K
700,GA700V,G700V,77.03,0,4.92845,0.549882168,Deleterious,0.59850049,-0.008653727,-0.170181327,0.231359715,-0.043493479,0,Unstable,Stable,G,700,V
701,AA701V,A701V,69.24,0,-0.0581268,0.550667714,Neutral,0.158111528,-0.048975862,-0.204988599,-0.128932186,-0.048461135,1,Stable,Stable,A,701,V
704,SA704L,S704L,59.44,0,-0.226323,0.553024352,Neutral,0.118623234,-0.07352696,-0.190611509,-0.163689691,-0.043017915,1,Stable,Stable,S,704,L
710,NA710I,N710I,82.04,5,0.11275,0.557737628,Deleterious,0.3504439,-0.016323318,-0.050663629,-0.119913728,-0.052124734,0,Unstable,Stable,N,710,I
795,KA795R,K795R,79.66,8,-1.39756,0.624509034,Deleterious,0.603227854,0.006623314,0.101429998,-0.065222825,-0.029071943,0,Stable,Stable,K,795,R
832,GA832S,G832S,50.27,6,-1.34149,0.653574234,Neutral,0.136437938,-0.237030927,-0.069756387,-0.097922436,-0.048321621,0,Stable,Stable,G,832,S
834,IA834L,I834L,52.82,5,-0.17317,0.655145326,Neutral,0.138415352,-0.161427897,-0.086792608,-0.157710659,-0.045122793,0,Stable,Stable,I,834,L
835,KA835N,K835N,56.56,11,0.577016,0.655930872,Deleterious,0.475491852,-0.018504637,0.026482764,-0.094454978,-0.027500606,0,Unstable,Stable,K,835,N
844,IA844M,I844M,47.92,0,0.374723,0.663000786,Neutral,0.102812052,-0.190440059,-0.164003238,-0.099643932,-0.032570027,1,Unstable,Stable,I,844,M
845,AA845S,A845S,44.52,2,0.102193,0.663786332,Neutral,0.181074291,-0.179249479,-0.116926154,-0.073155789,-0.039063595,1,Unstable,Stable,A,845,S
849,LA849H,L849H,53.29,7,0.237226,0.666928515,Ambiguous,0.235977203,-0.124983524,-0.056073343,-0.117556244,-0.054878995,0,Unstable,Stable,L,849,H
858,LA858F,L858F,77.83,15,1.49814,0.673998429,Deleterious,0.765146554,-0.007390257,0.203187005,0.006017303,-0.026136806,0,Unstable,Stable,L,858,F
878,LA878S,L878S,84.71,12,4.59034,0.689709348,Deleterious,0.851718664,0.012969649,0.084406684,0.206027857,-0.041154835,0,Unstable,Stable,L,878,S
880,GA880D,G880D,80.65,9,0.229784,0.69128044,Deleterious,0.344202071,-0.038908482,0.022174453,-0.163078231,-0.065454977,0,Unstable,Stable,G,880,D
889,GA889V,G889V,68.08,3,2.27091,0.698350353,Deleterious,0.412424058,-0.047285504,-0.110629956,0.051745107,-0.070874898,0,Unstable,Stable,G,889,V
891,GA891S,G891S,61.45,3,2.39375,0.699921445,Deleterious,0.430651367,-0.070678931,-0.110066112,0.063171409,-0.041244307,0,Unstable,Stable,G,891,S
897,PA897Q,P897Q,79.96,7,0.79219,0.704634721,Ambiguous,0.249088734,-0.020932499,-0.059813609,-0.159731832,-0.099902635,0,Unstable,Stable,P,897,Q
898,FA898Y,F898Y,81.01,14,1.16918,0.705420267,Deleterious,0.77160871,0.016788987,0.22422868,-0.017130156,-0.041748109,0,Unstable,Stable,F,898,Y
900,MA900I,M900I,80.65,12,-0.00608914,0.706991359,Deleterious,0.440515459,-0.031991693,0.101181637,-0.135497261,-0.082646533,0,Stable,Stable,M,900,I
902,MA902I,M902I,82.67,8,1.4986,0.708562451,Deleterious,0.706393957,0.033101701,0.111785376,0.025230726,-0.053193155,0,Unstable,Stable,M,902,I
903,AA903S,A903S,82.99,13,0.216883,0.709347997,Deleterious,0.560699463,-0.010717101,0.173742637,-0.126397628,-0.065397754,0,Unstable,Stable,A,903,S
904,YA904D,Y904D,83.18,11,-0.916624,0.710133543,Deleterious,0.365985841,-0.007598911,0.00912729,-0.13825268,-0.086759166,0,Stable,Stable,Y,904,D
906,FA906Y,F906Y,85.93,21,0.349548,0.711704635,Deleterious,0.538064241,-0.059410112,0.219451161,-0.144213676,-0.06723244,0,Unstable,Stable,F,906,Y
928,NA928S,N928S,87.84,10,1.50345,0.728986646,Deleterious,0.513744473,-0.037241152,0.028807797,0.000414486,-0.067705966,0,Unstable,Stable,N,928,S
930,AA930D,A930D,83.84,13,1.00791,0.730557738,Deleterious,0.57289958,-0.036196348,0.188967617,-0.100315418,-0.069025579,0,Unstable,Stable,A,930,D
933,KA933R,K933R,82.47,9,-0.549851,0.732914375,Deleterious,0.444727004,-0.017829741,0.060291087,-0.111090422,-0.076113229,0,Stable,Stable,K,933,R
937,SA937T,S937T,73.02,14,-0.643221,0.736056559,Deleterious,0.633947611,-0.026078868,0.226602476,-0.091587271,-0.064458035,0,Stable,Stable,S,937,T
946,GA946E,G946E,71.62,7,0.0986534,0.743126473,Ambiguous,0.262432188,-0.053201557,-0.051833855,-0.117849363,-0.104152345,0,Unstable,Stable,G,946,E
949,QA949H,Q949H,72.5,15,0.860193,0.745483111,Deleterious,0.64530611,-0.012232715,0.232784365,-0.105779429,-0.058935419,0,Unstable,Stable,Q,949,H
951,VA951E,V951E,75.71,8,1.38579,0.747054203,Deleterious,0.675188303,-0.000118844,0.119416343,0.02222617,-0.055804675,0,Unstable,Stable,V,951,E
952,VA952I,V952I,73.88,12,-0.891365,0.747839749,Deleterious,0.431382716,-0.048746201,0.116989291,-0.138282213,-0.088047469,0,Stable,Stable,V,952,I
953,NA953I,N953I,71.59,11,-0.685241,0.748625295,Deleterious,0.375798792,-0.036510784,0.034531455,-0.124473417,-0.087217771,0,Stable,Stable,N,953,I
954,QA954H,Q954H,75.22,14,-0.120527,0.749410841,Deleterious,0.578647852,-0.036056554,0.215328399,-0.128412243,-0.061681059,1,Stable,Stable,Q,954,H
955,NA955K,N955K,78.11,16,0.524011,0.750196386,Deleterious,0.651806235,-0.019857404,0.2284606,-0.082986837,-0.063279432,0,Unstable,Stable,N,955,K
956,AA956G,A956G,71.06,9,0.914582,0.750981932,Deleterious,0.409359902,-0.009855746,0.05751908,-0.148045594,-0.079727147,0,Unstable,Stable,A,956,G
958,AA958G,A958G,80.25,10,0.913149,0.752553024,Deleterious,0.360299826,-0.009057102,0.026112149,-0.15568613,-0.090538401,0,Unstable,Stable,A,958,G
959,LA959V,L959V,81.56,8,1.31564,0.75333857,Deleterious,0.649915636,-0.000148229,0.116492058,0.019871586,-0.075769087,0,Unstable,Stable,L,959,V
960,NA960S,N960S,76.42,12,0.405338,0.754124116,Deleterious,0.422658056,-0.042534655,0.101643608,-0.126115873,-0.099804332,0,Unstable,Stable,N,960,S
969,NA969K,N969K,89.63,5,-0.0587289,0.76119403,Neutral,0.193813771,-0.057324131,-0.066056882,-0.155507565,-0.116766959,1,Stable,Stable,N,969,K
971,GA971V,G971V,89.24,1,4.47475,0.762765122,Deleterious,0.573307037,-0.036353888,-0.094068119,0.199937631,-0.085677896,0,Unstable,Stable,G,971,V
985,DA985E,D985E,90.36,3,0.952059,0.773762765,Neutral,0.152549863,-0.019992777,-0.150292389,-0.166947256,-0.099687023,0,Unstable,Stable,D,985,E
1000,RA1000I,R1000I,93.3,10,3.30955,0.785545954,Deleterious,0.71852082,0.065724094,0.031644449,0.112032652,-0.080349683,0,Unstable,Stable,R,1000,I
1005,QA1005P,Q1005P,92.4,10,1.68985,0.789473684,Deleterious,0.502400517,-0.031676303,0.024122624,0.025040317,-0.104555429,0,Unstable,Stable,Q,1005,P
1019,RA1019S,R1019S,94.25,19,-0.243154,0.800471328,Deleterious,0.738566518,0.112232232,0.249088868,-0.132090091,-0.0801338,0,Stable,Stable,R,1019,S
1021,SA1021F,S1021F,93.86,10,-2.45624,0.802042419,Deleterious,0.626500487,0.107003813,0.052965911,-0.023664297,-0.099274248,0,Stable,Stable,S,1021,F
1030,SA1030T,S1030T,88.01,8,-0.306088,0.809112333,Ambiguous,0.262078941,-0.055366985,0.068010123,-0.223062914,-0.116970592,0,Stable,Stable,S,1030,T
1042,FA1042L,F1042L,91.37,7,3.53314,0.818538885,Deleterious,0.527531564,0.008390699,-0.046370829,0.074607747,-0.098565361,0,Unstable,Stable,F,1042,L
1044,GA1044E,G1044E,85.11,0,15.8637,0.820109976,Deleterious,0.659417272,0.001192743,-0.148514316,0.285774471,-0.068504935,0,Unstable,Stable,G,1044,E
1057,PA1057H,P1057H,81.39,2,4.9926,0.830322074,Deleterious,0.749120116,0.013993695,-0.068385393,0.263995267,-0.04995276,0,Unstable,Stable,P,1057,H
1068,VA1068G,V1068G,88.23,6,2.07828,0.838963079,Deleterious,0.605368197,-0.001391403,-0.01444242,0.088499406,-0.056766695,0,Unstable,Stable,V,1068,G
1077,TA1077I,T1077I,89.21,8,-1.13943,0.846032993,Deleterious,0.564751804,-0.019235384,0.103966363,-0.074162533,-0.035285951,0,Stable,Stable,T,1077,I
1080,AA1080P,A1080P,87.0,5,2.25799,0.848389631,Deleterious,0.582668483,0.005390345,-0.038558679,0.08383516,-0.057467651,0,Unstable,Stable,A,1080,P
1090,PA1090L,P1090L,89.51,4,4.72884,0.85624509,Deleterious,0.79418546,0.00136788,-0.059657057,0.282632705,-0.019627378,0,Unstable,Stable,P,1090,L
1100,TA1100R,T1100R,81.31,0,-0.322456,0.86410055,Neutral,0.135763437,-0.029587454,-0.181455764,-0.193534293,-0.049128361,0,Stable,Stable,T,1100,R
1102,WA1102C,W1102C,89.08,12,2.83859,0.865671642,Deleterious,0.746136546,-0.016511788,0.107103714,0.056997214,0.009078098,0,Unstable,Stable,W,1102,C
1103,FA1103L,F1103L,90.78,10,-0.0880662,0.866457188,Deleterious,0.497825593,0.039069913,0.024374369,-0.122585353,-0.032502644,0,Stable,Stable,F,1103,L
1104,VA1104E,V1104E,89.39,6,2.90345,0.867242734,Deleterious,0.593010783,-0.023778461,-0.017802904,0.047369159,-0.00224632,0,Unstable,Stable,V,1104,E
1105,TA1105R,T1105R,89.47,11,14.1804,0.86802828,Deleterious,0.864668131,-0.005406375,0.02655728,0.264094807,-0.010046889,0,Unstable,Stable,T,1105,R
1142,QA1142L,Q1142L,56.16,4,0.266432,0.89709348,Neutral,0.173600361,-0.060378872,-0.137265573,-0.145913823,-0.07231068,1,Unstable,Stable,Q,1142,L
1143,PA1143L,P1143L,49.87,2,0.576162,0.897879026,Neutral,0.115987875,-0.189668593,-0.129776031,-0.098298896,-0.055737914,1,Unstable,Stable,P,1143,L
1161,SA1161A,S1161A,31.52,0,-0.289212,0.912018853,Neutral,0.080745146,-0.225938422,-0.13225154,-0.115472551,-0.03506165,1,Stable,Stable,S,1161,A
1200,LA1200P,L1200P,40.02,0,-0.885336,0.942655145,Neutral,0.134627372,-0.167237386,-0.15578503,-0.099092573,-0.032726948,0,Stable,Stable,L,1200,P
1227,IA1227R,I1227R,81.87,6,-0.593098,0.963864886,Ambiguous,0.265304416,-0.0111384,-0.052441928,-0.161837034,-0.09874753,0,Stable,Stable,I,1227,R
